,names,train,val,test
0,huber,0.251741886138916,0.2899937927722931,0.32054561376571655
1,mean_squared_logarithmic_error,0.0974995419383049,0.11530047655105591,0.13051669299602509
2,mean_squared_error,1.1361052989959717,1.6226961612701416,1.7932476997375488
3,mean_absolute_error,0.42467331886291504,0.46771371364593506,0.5040867328643799
4,root_mean_squared_error,1.0654404163360596,1.2731584310531616,1.3388047218322754
5,rmsle,0.3117043077945709,0.3389192819595337,0.3604225814342499
