,names,train,val,test
0,huber,0.2520134150981903,0.2882692217826843,0.31963518261909485
1,mean_squared_logarithmic_error,0.09842514991760254,0.11681132018566132,0.13223925232887268
2,mean_squared_error,1.174118161201477,1.582130789756775,1.785107970237732
3,mean_absolute_error,0.4033706486225128,0.4444914758205414,0.4811858832836151
4,root_mean_squared_error,1.0818402767181396,1.258124828338623,1.336944818496704
5,rmsle,0.3131566345691681,0.341069757938385,0.36279618740081787
