,names,train,val,test
0,huber,0.25543612241744995,0.3002730906009674,0.3353565037250519
1,mean_squared_logarithmic_error,0.10065808892250061,0.12212823331356049,0.13909652829170227
2,mean_squared_error,1.194730281829834,1.7493396997451782,2.0019869804382324
3,mean_absolute_error,0.4028019905090332,0.45300284028053284,0.49435850977897644
4,root_mean_squared_error,1.0930012464523315,1.322666049003601,1.414907693862915
5,rmsle,0.31675487756729126,0.3487803041934967,0.3721722960472107
