,names,train,val,test
0,huber,0.2671450674533844,0.3109210729598999,0.3476991355419159
1,mean_squared_logarithmic_error,0.10751450061798096,0.12947969138622284,0.14794138073921204
2,mean_squared_error,2.0180294513702393,2.1224582195281982,2.4030873775482178
3,mean_absolute_error,0.41719260811805725,0.4670282304286957,0.5107375383377075
4,root_mean_squared_error,1.42057466506958,1.4568849802017212,1.5502679347991943
5,rmsle,0.3273387551307678,0.359285831451416,0.38389071822166443
