,names,train,val,test
0,huber,0.2541373074054718,0.2959071695804596,0.3296051323413849
1,mean_squared_logarithmic_error,0.09831339120864868,0.11745348572731018,0.13409943878650665
2,mean_squared_error,1.1587446928024292,1.6841942071914673,1.8987765312194824
3,mean_absolute_error,0.4282640814781189,0.4754873216152191,0.5150946378707886
4,root_mean_squared_error,1.0765827894210815,1.2974302768707275,1.3781505823135376
5,rmsle,0.31301209330558777,0.3421138525009155,0.3654288947582245
