,names,train,val,test
0,huber,0.25811266899108887,0.3033703863620758,0.3421478569507599
1,mean_squared_logarithmic_error,0.10221955180168152,0.12317579239606857,0.14205187559127808
2,mean_squared_error,1.2730001211166382,1.8390930891036987,2.1548409461975098
3,mean_absolute_error,0.4115636348724365,0.46115389466285706,0.506420910358429
4,root_mean_squared_error,1.128616213798523,1.3560062646865845,1.4677746295928955
5,rmsle,0.3192214071750641,0.35037997364997864,0.37623950839042664
