,names,train,val,test
0,huber,0.25504565238952637,0.3023660480976105,0.33783480525016785
1,mean_squared_logarithmic_error,0.10216612368822098,0.12318050116300583,0.14048801362514496
2,mean_squared_error,1.1693779230117798,1.8104170560836792,2.0518429279327393
3,mean_absolute_error,0.40674760937690735,0.45847249031066895,0.5007382035255432
4,root_mean_squared_error,1.0810914039611816,1.3462101221084595,1.4337689876556396
5,rmsle,0.31899192929267883,0.35025641322135925,0.37402692437171936
