,names,train,val,test
0,huber,0.25629448890686035,0.3074447810649872,0.34370487928390503
1,mean_squared_logarithmic_error,0.10052113980054855,0.12397982180118561,0.14173093438148499
2,mean_squared_error,1.2185333967208862,1.895317554473877,2.186838150024414
3,mean_absolute_error,0.40796855092048645,0.46306338906288147,0.5061221718788147
4,root_mean_squared_error,1.1044553518295288,1.3765127658843994,1.4775460958480835
5,rmsle,0.3165387809276581,0.3514665961265564,0.3758348524570465
