,names,train,val,test
0,huber,0.2543960213661194,0.29088932275772095,0.3236513137817383
1,mean_squared_logarithmic_error,0.09756733477115631,0.11512167751789093,0.13113614916801453
2,mean_squared_error,1.1716300249099731,1.6222474575042725,1.8258156776428223
3,mean_absolute_error,0.4275902509689331,0.4689546525478363,0.5077057480812073
4,root_mean_squared_error,1.0824894905090332,1.2741771936416626,1.3514742851257324
5,rmsle,0.3118287920951843,0.33868786692619324,0.36139553785324097
