,names,train,val,test
0,huber,0.2511409521102905,0.2948567569255829,0.33142733573913574
1,mean_squared_logarithmic_error,0.09723507612943649,0.11781984567642212,0.13545116782188416
2,mean_squared_error,1.145669937133789,1.6916577816009521,1.9764130115509033
3,mean_absolute_error,0.40733757615089417,0.455301970243454,0.49803125858306885
4,root_mean_squared_error,1.0706974267959595,1.3013453483581543,1.4063130617141724
5,rmsle,0.31132227182388306,0.34257107973098755,0.36738279461860657
