,names,train,val,test
0,huber,0.25460880994796753,0.290027379989624,0.32339537143707275
1,mean_squared_logarithmic_error,0.09996771812438965,0.11818824708461761,0.1343660056591034
2,mean_squared_error,1.1978726387023926,1.6035548448562622,1.817589282989502
3,mean_absolute_error,0.40530189871788025,0.445804625749588,0.48483118414878845
4,root_mean_squared_error,1.0944738388061523,1.2663154602050781,1.3481799364089966
5,rmsle,0.3155874013900757,0.3431455194950104,0.36573326587677
